block_number,n_pairs,n_conc
23722247,13042,12553
23722255,14282,11718
23722270,27890,21257
23722271,16640,12414
23722290,7051,6114
23722292,40701,30002
23722294,41463,37514
23722301,58314,54858
23722302,29632,27702
23722305,23008,20758
23722313,30884,22514
23722322,24952,21174
23722333,16186,12175
23722334,10498,8400
23722336,22015,17204
23722342,10725,9322
23722344,30458,19665
23722347,11620,8659
23722361,10470,10429
23722394,16199,12572
23722400,20832,15196
23722415,42074,34830
23722418,5336,3110
23722453,16726,11024
23722464,42845,34327
23722474,89915,74967
23722477,44978,29625
23722478,34985,28499
23722495,3305,3053
23722497,16729,14388
23722499,19553,13287
23722504,77701,59716
23722505,14350,11843
23722506,26699,22348
23722512,22084,15495
23722517,21113,18574
23722518,12526,10249
23722529,8046,7134
23722540,47276,42778
23722547,40165,32356
23722563,1971,1970
23722571,2139,2139
23722577,28374,25176
23722585,41499,36691
23722595,16627,14229
23722606,35408,30118
23722607,30214,27970
23722609,50752,47923
23722616,8840,8840
23722620,10686,9263
23722622,13616,12215
23722628,23049,17926
23722638,484,222
23722641,47170,43920
23722642,29268,21799
23722643,3610,2267
23722650,21245,17558
23722651,28196,22906
23722665,20100,16230
23722671,23878,20655
23722675,17248,14236
23722682,19956,16885
23722683,13203,11506
23722687,15751,15241
23722688,30495,24322
23722694,38433,33660
23722699,20874,17800
23722729,1665,874
23722732,26646,21946
23722733,21466,17816
23722734,15966,13120
23722760,28594,19933
23722769,41139,31225
23722772,34548,29550
23722781,41764,34424
23722783,25915,18027
23722785,28351,23541
23722787,20122,14996
23722793,9954,9954
23722797,51892,39609
23722798,29646,21053
23722807,8302,6673
23722812,23091,16239
23722817,29378,25178
23722821,14548,14258
23722822,42050,37119
23722824,21040,18322
23722829,37805,34254
23722833,11331,10500
23722844,43252,36275
23722848,23570,22166
23722861,57319,44900
23722879,27143,24543
23722890,25660,20829
23722896,26240,22420
23722914,49168,47226
23722916,6455,4897
23722948,10496,9778
23722949,16497,12488
23722960,26021,25021
23722961,28767,21554
23722970,19772,17406
23722971,24327,19853
23722973,21963,21575
23722978,45155,42648
23722987,21623,19832
23723012,4340,4067
23723014,22852,20671
23723017,41926,34067
23723018,53146,45351
23723071,19839,19371
23723088,30722,24819
23723092,24361,19091
23723094,13475,10528
23723110,13107,11141
23723111,13307,11444
23723114,7654,6069
23723118,63582,62713
23723142,26439,26354
23723156,27256,23301
23723182,23431,20859
23723186,26725,21548
23723189,20728,16864
23723192,19897,14872
23723195,58341,45529
23723199,20262,17331
23723200,20160,17013
23723213,46477,40995
23723220,15387,12745
23723225,29489,25256
23723227,8711,8647
23723232,6334,5333
23723241,42751,41224
23723254,28643,26141
23723267,33435,28824
23723278,19258,18464
23723286,35604,27075
23723300,32300,25830
23723323,20923,17334
23723335,15671,15608
23723337,5817,5529
23723338,17821,15119
23723346,42765,31988
23723347,1910,1910
23723357,14992,13235
23723359,8920,8831
23723369,16050,15066
23723378,10839,8233
23723388,8396,6306
23723394,18722,13567
23723408,3267,3105
23723431,64260,55860
23723436,16353,13908
23723444,31138,27341
23723449,57127,50346
23723450,6077,4535
23723453,24573,22303
23723454,23086,21871
23723459,28980,22114
23723460,26458,22054
23723461,2566,1676
23723466,6216,6154
23723468,14463,11676
23723511,17620,14812
23723517,72794,48129
23723527,24524,24375
23723539,23722,20504
23723543,62138,45981
23723560,25122,21952
23723575,30512,27173
23723576,21350,14428
23723584,10736,8718
23723589,12347,10974
23723592,26206,22775
23723597,11636,6682
23723606,39381,34620
23723609,37512,29173
23723612,1999,1999
23723620,9147,8023
23723621,32875,28503
23723626,8274,6872
23723627,10653,9763
23723629,13352,10779
23723632,7401,4958
23723641,12484,9463
23723645,18465,16335
23723656,11897,10506
23723677,33952,24534
23723679,26437,24587
23723687,2068,1490
23723692,36313,30770
23723699,963,963
23723717,29665,25936
23723723,11328,10296
23723735,10016,8057
23723738,77073,56591
23723740,16371,14154
23723746,27093,23366
23723751,330,191
23723756,19341,16077
23723761,35790,32293
23723787,21921,15440
23723795,81520,72550
23723797,1309,1257
23723803,19376,13367
23723812,23637,16133
23723818,50201,38745
23723821,65937,58206
23723834,4336,2639
23723837,46520,34066
23723840,11331,8729
23723844,11608,10866
23723847,5222,3440
23723852,35041,21789
23723853,70635,57430
23723854,26415,22393
23723884,26092,18117
23723887,633,253
23723891,7733,5253
23723894,37250,34810
23723899,25825,21311
23723900,14526,11660
23723902,22729,19107
23723903,15792,13139
23723916,34614,29729
23723919,13954,11703
23723924,20535,17597
23723929,35754,26690
23723937,9016,7488
23723942,16640,12401
23723958,45002,28054
23723959,4354,3040
23723961,32068,26434
23723969,23151,16010
23723983,17400,13777
23723998,16502,12949
23724001,18298,12175
23724010,162,92
23724022,14191,10341
23724026,12822,11433
23724030,52255,43257
23724047,17670,13146
23724052,9925,9414
23724083,18014,13944
23724096,24952,17500
23724103,7789,4872
23724105,61402,43439
23724142,28062,20529
23724146,19393,16482
23724157,18558,14579
23724165,63177,61361
23724174,15096,12781
23724176,17953,15274
23724182,25005,19621
23724185,17497,15768
23724196,43977,34276
23724206,42035,36092
23724207,25060,18769
23724214,11237,8277
23724225,552,288
23724233,32347,26337
23724240,28572,24950
23724243,14087,9467
23724261,9258,7563
23724264,15733,13822
23724266,20222,16678
23724278,36372,28186
23724280,6779,5801
23724282,25636,19918
23724287,25558,24818
23724294,11935,8899
23724308,17070,13274
23724310,14155,9267
23724319,23540,17273
23724323,4967,4177
23724335,19496,16968
23724339,3424,3263
23724341,17188,14620
23724343,2257,1058
23724348,14066,9329
23724351,72978,57878
23724357,12384,9963
23724361,27104,23949
23724362,46518,34113
23724385,17851,14536
23724392,40801,39009
23724400,22145,17788
23724401,28744,20830
23724409,524,487
23724410,23289,22949
23724411,1898,888
23724443,16129,11499
23724444,16886,14700
23724445,13628,11566
23724452,22284,14748
23724465,8400,7898
23724485,17908,17285
23724487,15422,14853
23724513,14069,9655
23724515,30280,29595
23724535,3881,3881
23724536,45834,33516
23724547,17928,12930
23724548,14271,9785
23724550,2134,1189
23724554,20569,16844
23724560,14763,14250
23724564,30442,27432
23724590,16134,11498
23724601,36516,26643
23724611,26208,21701
23724612,21520,19547
23724618,11700,11338
23724621,25568,19690
23724633,19435,14055
23724645,15437,11690
23724670,12887,12039
23724688,41641,32233
23724721,18684,18201
23724749,24974,24598
23724775,13057,13057
23724781,20086,14010
23724792,58212,45200
23724794,16611,12539
23724816,126137,91082
23724830,17356,16147
23724832,19505,16514
23724837,27890,22881
23724842,32547,21623
23724846,6519,6517
23724863,18520,12663
23724873,22192,17378
23724892,61444,45201
23724905,20404,17126
23724907,26628,20887
23724910,15419,12433
23724920,34527,30007
23724923,14790,13931
23724925,8514,8514
23724935,10453,9141
23724940,5583,5583
23724943,2051,2051
23724957,40122,34522
23724961,39001,30619
23724966,6122,5807
23724972,16014,13545
23724975,19691,15939
23724976,21056,17463
23724984,28589,22312
23724990,25418,21397
23725002,17210,14583
23725016,26851,22401
23725029,26151,19393
23725042,3933,3933
23725047,22758,18404
23725050,21658,17821
23725057,37036,31282
23725059,45889,28118
23725063,10231,8325
23725070,42061,30727
23725092,26954,24185
23725115,45725,38029
23725118,34893,29140
23725119,19208,15337
23725120,14020,11234
23725123,41418,28577
23725128,28981,21904
23725131,23176,18598
23725134,100380,74255
23725141,7361,6926
23725142,42338,33381
23725147,14376,11019
23725153,16459,9914
23725170,11749,9063
23725184,127237,106090
23725189,29734,23408
23725197,29234,20904
23725221,14310,13583
23725222,201631,167314
23725225,19763,15314
23725228,34396,26953
23725232,39997,33081
23725236,15162,10497
23725238,25306,21652
23725243,35349,27867
23725246,23248,22367
23725247,8239,8203
23725251,26023,23013
23725258,72766,64597
23725265,24941,20016
23725273,39662,34844
23725276,33442,25222
23725281,38389,29723
23725296,3428,3424
23725297,66731,53425
23725308,29296,21976
23725312,30110,25392
23725323,27204,19941
23725326,16908,10986
23725329,61707,42283
23725331,16235,12766
23725340,26271,21430
23725344,35344,30512
23725348,16482,12976
23725360,23094,17082
23725372,147490,128703
23725376,25402,22333
23725382,14082,13711
23725386,3722,3722
23725393,30757,26908
23725397,20162,15202
23725399,25787,17443
23725402,38513,32451
23725403,24405,20059
23725409,18353,14675
23725417,21126,15671
23725424,34605,26062
23725433,18126,11161
23725438,28761,26979
23725439,51962,37734
23725442,41696,35984
23725452,42958,36308
23725462,20394,14674
23725466,39661,27920
23725472,33904,26996
23725501,7404,4128
23725505,18587,18288
23725513,9724,6721
23725516,13963,10959
23725521,25247,18546
23725526,13001,10517
23725541,20199,15874
23725542,35826,34705
23725547,25811,22082
23725558,15409,11461
23725567,19403,16517
23725585,27608,20324
23725588,31481,25933
23725594,13944,10029
23725608,54425,44797
23725616,25830,18934
23725625,28280,22672
23725627,5342,3667
23725629,27633,23145
23725633,18918,15339
23725640,13170,10347
23725642,11509,10191
23725653,17349,11326
23725654,21495,16271
23725656,6347,6323
23725659,21585,18616
23725662,25316,21381
23725678,19075,16653
23725682,16886,13856
23725683,16869,12797
23725685,21880,18098
23725693,28805,20679
23725694,18987,12111
23725710,21882,17191
23725717,24501,18248
23725724,40214,36798
23725740,2880,2880
23725753,27283,21464
23725799,24018,17538
23725801,20192,18296
23725802,8756,5960
23725805,22241,17366
23725811,29958,20931
23725817,15923,13440
23725820,32428,27822
23725833,26065,22797
23725846,11468,8717
23725850,27036,23691
23725861,26364,22187
23725866,19998,16334
23725890,25179,21757
23725894,29762,23363
23725899,53003,43070
23725910,71610,61895
23725917,24017,20487
23725952,14209,11000
23725958,17597,14461
23725989,19477,18999
23725990,3741,3741
23726008,63035,55219
23726009,27162,23398
23726016,15079,11891
23726019,8602,8426
23726045,107,107
23726048,8773,6617
23726049,33204,31569
23726064,38295,23181
23726074,41729,31550
23726075,20453,14637
23726081,14337,14336
23726082,40731,28596
23726086,3544,3539
23726087,44872,32448
23726088,24652,18507
23726095,17025,12604
23726100,29045,22624
23726105,3282,3282
23726114,26209,20873
23726116,79291,64070
23726125,17624,13056
23726130,60718,44822
23726135,24293,19548
23726141,50116,41286
23726156,51399,39524
23726167,11538,9986
23726188,22700,18670
23726198,15475,12465
23726200,18222,15623
23726202,15674,12740
23726209,68963,50425
23726224,31425,26089
23726228,12401,9185
23726238,28367,21512
23726242,28035,22651
23726262,23934,20802
23726266,76262,50931
23726275,23853,18666
23726277,35030,26939
23726278,15624,13513
23726285,23139,18038
23726286,22004,18714
23726291,17059,14284
23726294,28692,23907
23726304,62695,53019
23726307,36447,26886
23726308,24023,19808
23726309,10285,9018
23726310,29383,24636
23726326,10985,10669
23726333,28397,23222
23726343,12978,10085
23726356,64003,40558
23726368,36886,30120
23726369,30894,26052
23726378,22673,17433
23726381,67869,52295
23726383,88444,68922
23726387,25089,21415
23726389,20629,19376
23726391,33500,26998
23726393,21748,19272
23726416,101164,84419
23726427,16187,11879
23726433,30059,25817
23726442,27505,23998
23726444,21392,15940
23726449,20644,16728
23726457,13606,11702
23726459,16324,15385
23726469,65473,53815
23726472,18963,14074
23726482,13924,11460
23726485,93323,72097
23726500,15897,13194
23726505,4218,4212
23726519,27318,23219
23726525,46347,33412
23726543,132204,107236
23726557,32277,22458
23726560,29051,22505
23726569,24741,20699
23726573,29529,20093
23726582,25281,22557
23726591,24641,23481
23726592,12468,9932
23726594,28706,15654
23726596,46289,42809
23726601,24429,17374
23726617,1403,915
23726624,19884,16765
23726631,26677,22319
23726635,29713,23208
23726651,10474,10473
23726669,29025,20222
23726672,44717,34853
23726679,19207,14114
23726680,20079,13583
23726692,21311,17041
23726693,22157,16499
23726700,24654,19912
23726708,31944,26746
23726716,19700,16262
23726717,26317,19104
23726722,20294,12758
23726730,21702,15168
23726748,4450,4450
23726750,19083,15894
23726755,52991,40935
23726760,30966,22252
23726761,2058,1383
23726768,24898,19274
23726771,30243,23844
23726783,24725,16514
23726785,13078,11965
23726805,503,297
23726810,1480,891
23726816,12276,9927
23726824,12654,11478
23726827,27979,21970
23726829,29859,21345
23726831,44418,38912
23726833,28136,20679
23726834,10056,8255
23726839,26717,25749
23726868,12589,11209
23726875,54974,42913
23726877,40467,39946
23726880,21392,16609
23726888,33102,26870
23726892,24854,23155
23726895,34445,29813
23726897,26264,21192
23726899,20130,17188
23726910,17399,14083
23726913,25878,21238
23726914,16483,14325
23726920,35247,29171
23726923,7976,7932
23726924,67820,63926
23726925,35359,28143
23726932,30667,25134
23726935,2462,2313
23726936,6423,6262
23726939,60882,39018
23726940,3126,1364
23726948,23406,17708
23726949,22351,18567
23726960,13416,8978
23726964,18056,14270
23726984,6628,6039
23727004,15023,12805
23727008,15589,12186
23727016,19528,14676
23727021,13245,10415
23727028,9741,7998
23727030,17306,15924
23727034,12945,10883
23727038,75589,50710
23727045,18508,13698
23727047,19325,16543
23727060,37018,36075
23727065,95266,67567
23727066,19745,14143
23727068,16959,13966
23727073,9075,6827
23727082,10599,8072
23727092,43846,35917
23727097,28585,22137
23727104,18728,15333
23727106,19706,17841
23727112,303,219
23727122,28786,27715
23727123,17299,14673
23727132,19998,16539
23727137,32688,28207
23727142,29741,22430
23727147,10161,10161
23727149,17216,13185
23727150,28101,26895
23727157,37723,33378
23727184,31107,25048
23727189,37795,37159
23727198,23873,18289
23727204,25408,20892
23727221,19063,12602
23727227,84704,55191
23727245,27328,23073
23727259,57214,46690
23727261,30354,22905
23727264,25355,20779
23727283,30389,23461
23727288,15153,9489
23727296,24905,23961
23727300,71509,62031
23727308,90419,66908
23727311,89567,62730
23727316,74533,66717
23727325,68792,56158
23727340,18673,14896
23727348,20035,13954
23727353,21563,14493
23727357,38525,22478
23727378,19330,14646
23727382,23552,22883
23727392,62756,51403
23727405,14686,12085
23727415,27609,17350
23727431,48018,37185
23727433,34138,26147
23727434,18572,13576
23727439,31570,23654
23727443,53238,44843
23727444,17634,14018
23727448,21007,15633
23727451,25250,24084
23727456,21593,19754
23727463,51799,45845
23727464,35510,26929
23727469,11570,8648
23727477,33666,26118
23727479,17698,12634
23727495,23577,17635
23727497,22748,22407
23727498,41388,33646
23727510,28369,23205
23727511,23799,18806
23727517,41198,31728
23727524,26089,22184
23727536,8283,7360
23727540,19945,15873
23727546,19107,16185
23727552,6664,6483
23727565,13952,11552
23727566,40489,32200
23727568,17487,14673
23727576,40698,32482
23727587,17387,13257
23727592,22780,20024
23727596,44820,41827
23727611,19196,13120
23727614,27074,20919
23727621,30621,28068
23727623,83985,62207
23727624,844,524
23727627,35321,21876
23727632,6122,3388
23727635,59694,43853
23727649,21312,16485
23727654,25731,19568
23727656,51590,45282
23727663,41233,38541
23727666,19421,18297
23727668,20834,17649
23727689,26493,18462
23727693,32351,31786
23727698,19138,18715
23727700,460,302
23727701,87616,79655
23727705,30366,25280
23727714,37557,26939
23727722,28309,23227
23727733,17666,15083
23727761,994,418
23727763,33571,22684
23727775,27096,19523
23727785,19457,13043
23727792,28140,24299
23727795,80310,75798
23727797,17338,14760
23727804,73729,61233
23727805,42167,33166
23727815,23583,20543
23727817,64671,57362
23727822,775,587
23727827,34648,26184
23727833,16865,14090
23727842,19070,15262
23727851,6960,6948
23727864,32314,32003
23727889,25986,20896
23727907,33568,27484
23727908,17490,13854
23727914,29738,22055
23727917,115015,91514
23727938,21737,20408
23727942,22006,18284
23727943,26848,21344
23727946,30386,29585
23727967,23027,22730
23727968,25209,18466
23727972,45870,30889
23727988,17008,14531
23728000,18720,16420
23728001,36238,28716
23728008,32031,26531
23728011,23363,17007
23728016,33173,31781
23728021,20538,20008
23728028,23472,22978
23728035,52166,38672
23728042,13042,9647
23728045,17248,14858
23728046,12689,12679
23728056,13838,10193
23728066,25803,20428
23728068,47171,38514
23728085,29010,19964
23728089,32079,28721
23728091,14105,11619
23728107,33047,25229
23728118,27767,21438
23728124,7733,7310
23728125,11978,11943
23728138,22851,22650
23728139,27822,22113
23728140,34731,25730
23728145,3,3
23728151,3766,3766
23728156,72296,64290
23728159,122521,105921
23728160,29829,23253
23728163,11744,11099
23728177,37119,27706
23728180,80146,52923
23728182,33930,24609
23728194,14597,9604
23728215,26955,22588
23728221,23585,17815
23728223,29801,21975
23728233,317,191
23728235,9436,6378
23728272,41707,27253
23728276,4999,4218
23728297,18795,15804
23728300,26020,18209
23728310,412,295
23728311,124452,83470
23728330,28752,23076
23728345,37866,32101
23728351,28215,23030
23728354,30044,24394
23728367,23984,19071
23728374,12861,10983
23728375,40245,31449
23728385,6830,4827
23728390,20905,12734
23728400,31277,22332
23728401,27694,25052
23728403,16828,12711
23728408,19230,13030
23728420,6207,6051
23728421,76653,54482
23728441,33563,25276
23728448,29300,20495
23728458,48140,39361
23728468,101140,65950
23728469,55870,41672
23728484,23353,20320
23728490,23687,17033
23728494,61549,50358
23728499,138680,131979
23728502,23347,18771
23728508,18609,15518
23728510,22382,19198
23728524,40175,35687
23728528,26756,19680
23728530,21797,19440
23728533,24698,18659
23728544,58787,47874
23728556,18466,12500
23728563,11364,9507
23728564,58653,36609
23728568,1664,881
23728579,1093,646
23728583,23649,22980
23728585,91901,63673
23728586,21244,20328
23728592,38267,31398
23728598,41288,38238
23728603,24126,15333
23728607,51803,50202
23728644,40945,31713
23728647,22125,16757
23728660,32145,22294
23728672,123,38
23728697,45547,31359
23728702,73103,54391
23728714,28766,21766
23728717,6846,6350
23728721,250,152
23728724,21806,18710
23728725,101800,94662
23728730,9782,8226
23728733,19493,15189
23728747,12604,9584
23728749,31221,23537
23728776,2434,1255
23728779,79687,64464
23728784,29485,21479
23728789,19645,18113
23728792,75250,48379
23728804,28583,23266
23728835,20515,19531
23728836,22875,17877
23728839,38156,25395
23728852,16493,13750
23728853,28957,27536
23728858,3523,3523
23728860,26727,21049
23728862,26647,21973
23728866,75896,57866
23728879,5690,5633
23728885,20958,16373
23728895,74589,60757
23728902,5408,5408
23728914,786,353
23728921,24191,22885
23728924,73925,50142
23728927,16831,12794
23728947,23093,18129
23728948,23425,19734
23728982,23815,20131
23728990,14577,13029
23729008,25335,18892
23729019,50496,48565
23729022,32582,25403
23729026,15386,12163
23729029,12276,8687
23729035,16137,12974
23729046,10059,7461
23729061,14470,9052
23729063,21017,20142
23729065,14212,12490
23729071,12031,11723
23729075,25823,25611
23729091,57241,40392
23729094,13508,11880
23729109,34907,31774
23729116,19703,14196
23729127,9495,6561
23729136,22254,15879
23729154,19273,16271
23729155,10378,7626
23729175,10839,7510
23729180,37161,22575
23729187,8171,6457
23729193,17150,14207
23729194,11868,9142
23729200,9836,7767
23729215,34278,24120
23729219,39647,35152
23729250,11172,9767
23729257,14360,11320
23729270,17043,15921
23729278,33405,31854
23729285,43554,36752
23729288,28436,23221
23729289,832,641
23729290,52153,41964
23729310,7424,5082
23729315,24620,16594
23729331,7298,5663
23729333,13548,10221
23729348,52794,44377
23729350,1797,1797
23729354,9188,7393
23729363,34392,31835
23729376,1924,1922
23729378,8588,6197
23729388,65512,48253
23729397,22951,17223
23729398,9125,6375
23729404,5904,4782
23729405,25697,20000
23729411,11978,9281
23729436,30874,28380
23729443,15835,11771
23729450,14019,11629
23729455,9273,7584
23729457,14742,11160
23729464,25666,19521
23729467,40214,33090
23729469,13720,10174
23729473,23382,19078
23729482,1318,595
23729491,13491,11100
23729494,12528,9716
23729496,27297,24585
23729497,20598,17474
23729499,20944,18126
23729500,11951,8747
23729504,30640,23616
23729506,35151,28347
23729507,18934,14459
23729514,49825,30668
23729521,27242,14846
23729525,359,157
23729553,28784,28092
23729574,35345,26445
23729577,18342,13925
23729581,22087,21739
23729584,28198,26949
23729585,10560,10550
23729586,14636,10677
23729591,30979,22745
23729599,29578,23344
23729610,22995,18183
23729617,27339,24021
23729624,23509,18556
23729630,27421,24643
23729638,29068,22085
23729639,23242,19492
23729643,24753,24493
23729667,17223,12858
23729672,9317,8676
23729674,25914,22457
23729675,15949,11154
23729679,10640,8162
23729685,69473,49489
23729701,15323,11121
23729706,6608,5524
23729713,26925,18039
23729720,22110,17549
23729722,23148,17841
23729724,15299,10350
23729731,21094,16943
23729735,22592,18373
23729737,22936,16322
23729745,15332,10950
23729755,18167,14683
23729771,33359,28441
23729784,34030,23914
23729793,13703,8231
23729802,354,165
23729805,15555,12651
23729809,59589,54665
23729810,18074,14227
23729813,43169,38769
23729814,20688,15028
23729816,41206,36734
23729825,17157,13453
23729828,18673,15111
23729842,2489,2476
23729852,28082,20320
23729853,12771,9236
23729860,27515,24064
23729863,15175,15003
23729870,13133,10127
23729873,6170,5779
23729888,11711,10145
23729895,18798,18674
23729898,18116,17367
23729901,12462,12401
23729902,1928,838
23729905,32367,24964
23729908,15926,12291
23729911,15905,9840
23729916,3842,2587
23729921,11847,9506
23729941,19182,12711
23729948,19766,14596
23729954,14523,10458
23729962,11323,7368
23729964,12220,9740
23729966,12941,11153
23729975,11969,8060
23729998,11468,7616
23730001,14087,13479
23730008,9905,9232
23730010,40120,32169
23730016,26010,19101
23730019,24862,17079
23730020,4213,2141
23730021,20163,12082
23730025,9972,8373
23730031,18764,14451
23730039,14302,10757
23730044,16126,12706
23730059,9703,7543
23730062,19272,18901
23730076,45679,36363
23730081,11486,9224
23730088,12134,7158
23730091,3359,2671
23730094,71219,51884
23730111,59509,52012
23730121,24178,18848
23730141,38145,30456
23730149,22810,19148
23730151,8545,7928
23730152,26666,19853
23730161,19476,18265
23730162,11722,8652
23730177,9736,7240
23730198,6783,4852
23730199,6684,6340
23730208,2457,2261
23730213,51798,38895
23730214,44320,42310
23730228,26286,19501
23730232,23753,22619
23730236,6829,5178
23730239,14009,9828
23730241,5859,5657
23730247,21329,15542
23730265,23863,19331
23730271,5373,5373
23730274,29652,24436
23730294,23129,19603
23730295,8807,8433
23730314,34140,18054
23730316,38039,29935
23730318,19561,15365
23730326,22379,16668
23730328,63887,56511
23730333,1663,727
23730334,57732,44195
23730351,8724,6302
23730361,41975,29828
23730363,13552,12463
23730380,13900,11207
23730385,10249,9788
23730386,37131,31745
23730388,62171,46473
23730390,17871,12714
23730393,40935,39335
23730399,12104,10508
23730406,24157,23050
23730411,10027,9878
23730428,46723,34417
23730429,30243,23979
23730432,18178,15174
23730437,11741,10849
23730441,67126,52975
23730446,12632,9399
23730447,10942,8368
23730448,8512,8483
23730450,19426,14486
23730472,4172,3721
23730483,70498,59922
23730484,20905,14900
23730488,12982,10768
23730489,28001,20003
23730494,10323,10323
23730497,69438,61898
23730498,19605,18054
23730507,7978,6642
23730508,32330,25986
23730519,20957,16974
23730524,15532,10875
23730528,7543,7206
23730532,26140,18353
23730537,14004,12236
23730542,16835,14424
23730544,25594,21932
23730548,78743,65539
23730559,12950,12531
23730561,32553,24015
23730563,15711,13256
23730568,17184,13615
23730576,30638,24129
23730580,19928,14883
23730582,47188,32757
23730590,19670,17482
23730594,29550,24330
23730595,35604,30385
23730596,27051,21179
23730610,4472,4239
23730621,32077,23855
23730622,22603,19857
23730639,19857,14152
23730641,16501,11885
23730651,8355,6440
23730658,6224,5155
23730659,2600,2234
23730673,25229,19455
23730675,22010,18712
23730687,27206,22613
23730691,13497,13360
23730694,8028,6444
23730703,15496,13057
23730706,11413,9224
23730713,28054,21343
23730714,18121,14590
23730717,19623,14641
23730718,4980,3853
23730724,15615,10966
23730729,10877,8117
23730737,64876,62698
23730739,9238,7904
23730744,11153,9642
23730764,26018,23531
23730768,68530,58327
23730770,25907,21175
23730790,12315,9364
23730796,24747,14755
23730804,81464,69859
23730812,47193,38079
23730818,84863,67005
23730834,60213,46520
23730849,14134,10539
23730850,912,912
23730857,13050,12388
23730858,16151,12992
23730876,19695,16616
23730884,11422,8263
23730888,20005,15341
23730896,7709,6149
23730904,3016,2860
23730914,15168,14811
23730917,7507,6635
23730922,12113,9383
23730930,15815,14484
23730934,4466,4340
23730942,39275,30824
23730947,13007,10413
23730951,17037,12104
23730959,16005,11678
23730964,25137,18303
23730970,23827,21611
23730974,52827,46013
23730977,12475,8539
23730982,19190,14933
23731005,21060,17207
23731007,12005,8751
23731009,11753,8420
23731012,20592,18028
23731013,17175,12787
23731028,12431,10942
23731032,16162,14041
23731037,3056,2806
23731040,15639,12841
23731051,15091,12380
23731060,18458,14557
23731073,27278,20585
23731076,10053,7978
23731080,45023,38726
23731085,7619,5382
23731107,9501,8860
23731112,55273,53736
23731113,18657,14726
23731115,15526,9018
23731118,19853,17446
23731120,12585,9287
23731125,26568,21584
23731129,15240,11059
23731132,21098,18038
23731139,10445,9986
23731141,22653,18438
23731168,27554,23792
23731194,10905,9605
23731199,32461,22869
23731202,20884,16178
23731224,13314,10668
23731226,11737,9418
23731228,6354,5476
23731239,17578,14371
23731240,11532,8886
23731244,11862,9055
23731245,13682,10992
23731252,15556,15179
23731255,27981,23838
23731264,7676,6831
23731281,40440,28547
23731291,49510,47930
23731294,13116,10351
23731296,11228,9167
23731299,10232,7594
23731310,1490,1474
23731316,25047,21051
23731319,54808,39187
23731321,20286,16433
23731323,18838,17137
23731334,79447,61126
23731345,7650,7291
23731348,16313,12215
23731352,2662,2458
23731353,60094,49029
23731362,8877,5715
23731368,18137,14933
23731369,31432,27866
23731372,4820,4820
23731387,15690,10700
23731393,20735,15492
23731399,7452,6851
23731403,15012,10745
23731413,22628,19379
23731414,9167,7142
23731418,39145,32357
23731420,28568,23093
23731434,8269,5775
23731438,25557,18623
23731441,11774,8328
23731467,6075,5623
23731480,3249,3249
23731482,23340,18632
23731489,24140,20718
23731494,17619,16439
23731501,23404,23392
23731512,12095,9419
23731513,8626,7998
23731520,12409,10438
23731534,17596,12945
23731539,26894,25309
23731540,32328,26299
23731544,19037,13231
23731545,69767,63089
23731565,13060,11129
23731567,29192,16573
23731573,3948,3948
23731578,4510,3891
23731591,15676,14683
23731592,31184,26773
23731596,15595,12628
23731597,35814,34440
23731607,19593,16347
23731610,48092,34021
23731615,14202,11409
23731637,19404,13737
23731641,37020,32202
23731644,29875,20808
23731657,25057,20068
23731663,12377,9793
23731673,24297,19422
23731686,19662,14422
23731691,8674,7390
23731694,16381,13465
23731701,24892,21295
23731703,27707,25250
23731704,17661,13593
23731716,58797,56493
23731737,60420,38574
23731738,18663,13688
23731751,17863,13684
23731757,23273,18502
23731783,10935,9715
23731784,41427,33441
23731801,49201,40719
23731806,33611,30002
23731823,20295,15312
23731827,11326,9337
23731831,24462,17726
23731836,33038,26166
23731845,24799,15867
23731852,15130,11469
23731855,22777,17165
23731857,18444,14673
23731863,18226,14916
23731864,43557,32118
23731865,20872,16391
23731875,9731,6577
23731879,23700,17361
23731882,6366,2533
23731891,11240,8560
23731892,19741,15671
23731894,53177,47748
23731906,31309,22166
23731912,52589,42061
23731925,17099,12445
23731941,1423,847
23731944,11309,9304
23731958,14953,12837
23731960,23200,18760
23731962,19216,15816
23731969,12824,11056
23731975,16781,14383
23732005,49823,48937
23732008,19366,17936
23732022,22769,18012
23732031,22483,21643
23732039,14409,10870
23732044,4497,4242
23732046,22571,16564
23732052,14142,11026
23732071,49404,48126
23732073,50595,39803
23732075,16471,10779
23732087,29587,24922
23732091,13758,10446
23732092,25085,19474
23732094,8687,7963
23732101,17696,13092
23732113,46556,29516
23732117,57823,42103
23732121,15042,12800
23732134,28504,22098
23732135,15882,15259
23732147,37848,27177
23732171,62275,49764
23732176,27051,20672
23732187,23163,17342
23732195,14206,10761
23732208,18943,13687
23732211,42365,26615
23732220,5585,5419
23732233,28312,20224
23732237,24062,19937
23732264,11979,10183
23732272,23878,19080
23732275,27853,20762
23732282,46889,33481
23732291,17854,14491
23732293,22487,16556
23732295,17322,13309
23732296,21272,18325
23732310,27084,22162
23732312,15170,13846
23732322,61969,55233
23732327,20931,17905
23732331,42542,38289
23732339,15459,10696
23732341,27949,23143
23732342,17719,14752
23732348,18249,15785
23732349,9337,7188
23732351,13413,9552
23732355,29084,21352
23732358,13664,10390
23732368,16543,13546
23732378,6820,4280
23732379,48435,40095
23732382,39371,29763
23732389,72326,56586
23732393,22880,16171
23732396,19893,16986
23732408,56100,49191
23732409,19921,18084
23732416,29679,23356
23732421,17911,15836
23732424,34885,28711
23732425,8714,8616
23732434,19220,18177
23732440,17191,12285
23732441,26851,22404
23732442,31209,24546
23732449,38104,32522
23732452,48438,40023
23732453,5370,5072
23732458,12735,10570
23732461,26399,22921
23732485,30345,23935
23732489,59426,48012
23732495,2143,2139
23732496,137948,123034
23732500,15452,12586
23732501,29884,27992
23732504,33314,19683
23732509,21614,16074
23732511,29865,22558
23732512,23281,19696
23732517,15663,11158
23732522,34167,27843
23732527,25794,21924
23732560,21176,16497
23732564,16250,16136
23732568,15619,12949
23732572,18812,14769
23732575,14270,11680
23732590,53872,41768
23732601,15052,12945
23732609,32148,24782
23732614,23022,17990
23732616,49796,38766
23732638,8617,7197
23732639,63577,46165
23732643,20759,15809
23732651,37960,30165
23732653,58804,53356
23732655,29429,25211
23732659,22804,17691
23732660,33366,23845
23732669,18926,14551
23732674,36529,26533
23732690,25138,19306
23732695,31147,26071
23732703,20604,15230
23732708,23630,20432
23732709,30951,28129
23732716,17392,13243
23732721,13752,13012
23732723,23336,17876
23732729,15203,12158
23732740,23464,18474
23732744,83637,67934
23732746,30156,26235
23732747,21770,17419
23732756,15127,12620
23732759,21380,15882
23732767,31411,25739
23732798,26337,21041
23732800,28656,24653
23732803,39337,34411
23732806,22461,18387
23732816,24010,19674
23732818,18286,15043
23732822,24859,21388
23732829,47632,43067
23732839,26771,22779
23732843,30629,23618
23732844,31882,27045
23732855,16081,10976
23732863,24134,19144
23732868,11695,11371
23732875,33867,26183
23732891,46077,36502
23732902,39784,26204
23732904,13801,10991
23732921,14965,11810
23732922,28147,23027
23732929,13684,9832
23732932,25237,15255
23732963,9575,7936
23732979,27646,22436
23732982,22725,19853
23732983,19492,17832
23732990,13592,12025
23732991,25307,19926
23732997,26599,22587
23733005,23878,21307
23733010,14268,11208
23733018,23641,19747
23733024,41204,31886
23733026,16018,13433
23733031,22317,18842
23733059,63877,61751
23733060,28281,20904
23733063,7422,3891
23733083,28226,18862
23733094,24625,20193
23733098,21273,16288
23733106,1309,729
23733119,26185,18949
23733120,48311,48014
23733134,21632,16683
23733139,17622,14197
23733155,27438,22634
23733171,27165,22469
23733176,4444,4444
23733187,28123,21111
23733188,15095,14544
23733193,15035,15013
23733195,9251,5512
23733196,101860,91030
23733198,29071,20545
23733200,23302,17493
23733206,28726,24308
23733219,33387,24010
23733222,34515,28227
23733231,8079,7590
23733239,28196,21920
23733253,24914,17279
23733261,23508,18843
23733264,25194,20729
23733267,26134,19214
23733270,40296,31816
23733274,22437,20776
23733281,160,160
23733286,6805,6805
23733294,33449,25394
23733297,21247,17092
23733308,25631,21184
23733316,14688,12322
23733325,25788,19354
23733330,26574,20314
23733337,19949,16276
23733348,19202,14330
23733352,44187,33196
23733363,49293,44527
23733364,28411,24415
23733367,11429,8443
23733375,15059,12931
23733377,42636,31331
23733380,90284,77730
23733383,4802,4802
23733384,47193,34242
23733392,2137,2137
23733402,21277,11904
23733410,27430,20666
23733414,31100,27169
23733420,15889,9837
23733422,20121,14802
23733423,28920,26344
23733441,21976,16915
23733442,18104,15581
23733458,18054,17616
23733459,25396,18484
23733463,15913,14103
23733480,57215,45434
23733481,19907,16951
23733502,27068,20493
23733503,23578,21116
23733516,65641,52370
23733520,27516,19827
23733521,19785,11896
23733522,27247,20006
23733523,21895,16885
23733527,18605,14765
23733541,31771,25090
23733564,15324,11906
23733574,17237,13863
23733589,6562,6562
23733599,19597,14803
23733601,25697,21643
23733608,25492,20611
23733618,22912,22499
23733620,13940,11139
23733621,20211,15863
23733622,12040,9292
23733627,2906,1195
23733632,19778,15811
23733649,18385,15149
23733654,10930,10930
23733655,79597,62167
23733656,21029,17843
23733658,2228,2228
23733664,9358,8081
23733675,9422,6939
23733687,21788,16598
23733689,39556,31292
23733692,8423,8418
23733693,47886,35764
23733694,30379,24589
23733696,14891,11498
23733700,16153,13802
23733701,26412,21185
23733702,44107,33846
23733706,52480,35370
23733710,34580,19522
23733714,31148,23759
23733717,27318,17508
23733722,42619,30071
23733726,2965,1471
23733728,64660,50315
23733737,25419,20682
23733748,19642,14234
23733754,1594,898
23733757,39663,35128
23733763,4885,4024
23733769,37633,27905
23733770,18497,14678
23733782,32736,22314
23733789,14875,11512
23733794,43118,38092
23733799,11646,9229
23733810,25283,17841
23733823,36907,34799
23733824,38783,32763
23733836,36662,29992
23733837,28216,22446
23733847,18013,15779
23733852,60978,52035
23733868,12591,11229
23733887,73560,53739
23733890,24362,19603
23733915,15357,11688
23733921,36808,28713
23733925,8040,6569
23733930,9563,7481
23733938,5682,5682
23733948,61312,47031
23733954,36846,29006
23733956,30656,23835
23733961,20213,17565
23733999,23989,20601
23734002,8674,8235
23734005,25041,20848
23734016,15853,13160
23734021,12809,12734
23734038,26797,20522
23734049,13988,9389
23734062,46876,35322
23734065,11143,6879
23734071,26993,22769
23734074,24043,19098
23734076,162972,137159
23734080,24471,15734
23734087,9931,8883
23734095,29099,20303
23734102,1114,1114
23734111,28869,22616
23734116,10961,10163
23734130,18799,14170
23734135,21376,18361
23734137,34744,28566
23734140,29052,21582
23734141,25820,18665
23734142,20882,15370
23734146,28126,23821
23734150,68750,52357
23734174,17475,14257
23734176,30427,22707
23734182,19630,17896
23734190,9317,6519
23734193,27187,21283
23734203,23962,18041
23734205,24875,20140
23734208,25918,19129
23734209,23308,17545
23734216,28389,21712
23734217,15097,9969
23734222,28782,21607
23734230,20093,19445
23734232,27996,19546
23734241,62832,51730
23734247,12202,10678
23734248,38057,28229
23734256,22187,17677
23734262,18827,14709
23734293,56195,45884
23734297,26718,18329
23734301,23355,18071
23734307,13740,10877
23734323,20422,17357
23734325,73669,50849
23734328,15541,11513
23734332,45137,34121
23734338,22937,19299
23734343,21822,17453
23734366,16602,13080
23734369,45233,34851
23734370,20122,14972
23734371,17265,14055
23734373,32713,25973
23734377,20647,15573
23734385,43632,36823
23734394,50954,46646
23734405,16373,12553
23734422,25202,20510
23734437,21971,16728
23734438,24107,19094
23734444,21224,17345
23734452,22727,18148
23734457,16418,14379
23734459,38241,30753
23734462,54551,40113
23734463,14953,12664
23734466,61624,48076
23734471,40856,32270
23734485,22051,17883
23734494,15257,14124
23734501,19808,14738
23734514,16474,11957
23734515,17015,11719
23734519,232125,207109
23734524,26835,20698
23734538,16820,12755
23734555,28849,20175
23734560,54768,49122
23734563,12151,9494
23734565,24967,21044
23734577,23701,18288
23734583,4072,4072
23734592,36233,23875
23734593,16236,12447
23734610,38465,31672
23734614,38058,27892
23734620,13133,9961
23734631,23549,18315
23734635,17330,14355
23734643,19908,15187
23734654,80570,65323
23734657,69441,57142
23734660,2676,2676
23734668,41958,32849
23734671,53784,35407
23734675,19319,15172
23734678,9761,5489
23734683,31500,23229
23734695,9976,8923
23734703,17237,14336
23734704,30471,25375
23734715,17859,15223
23734720,49343,46512
23734733,18949,14387
23734741,26808,24702
23734742,35219,30469
23734752,24588,20125
23734760,17770,13030
23734772,64494,48230
23734776,16689,10856
23734809,67325,48151
23734829,33655,25672
23734831,17514,13846
23734835,20641,17173
23734838,18203,15798
23734852,73370,67190
23734866,16110,13310
23734874,5553,4757
23734879,28754,25160
23734881,38577,32765
23734899,130538,97467
23734907,26795,23030
23734911,14767,11966
23734914,5687,4699
23734916,14970,9941
23734925,16807,14355
23734926,5965,3114
23734934,6365,4871
23734935,59166,54110
23734939,18820,14635
23734943,35707,31104
23734944,24145,17825
23734946,16997,13802
23734955,15431,11977
23734958,7841,4617
23734967,25096,20382
23734971,50346,40161
23734985,30230,21674
23734990,21038,16803
23734992,26110,19233
23734997,76314,59952
23734998,30303,25631
23735024,20366,16277
23735025,27672,22621
23735038,13475,10945
23735041,36028,29870
23735046,38124,29000
23735050,28780,23030
23735052,15417,12206
23735055,26282,19543
23735064,18440,15223
23735070,7461,6343
23735073,26848,19320
23735084,2689,2689
23735092,18358,14875
23735098,17800,13618
23735104,27404,21126
23735105,27759,21698
23735115,12983,10519
23735116,14301,13561
23735129,26040,20211
23735160,39691,32697
23735190,23659,20658
23735196,29760,22144
23735202,20753,16464
23735203,8038,5548
23735204,44163,39736
23735219,18492,16321
23735228,31785,27911
23735231,13214,10959
23735242,21939,16816
23735264,23990,19671
23735271,19952,14351
23735275,40859,32466
23735277,14097,9473
23735278,30585,21063
23735279,20071,15818
23735297,28016,25492
23735303,24906,20780
23735306,37614,29295
23735309,41486,35620
23735310,12629,11947
23735311,47584,37839
23735316,7757,7405
23735319,24120,20064
23735345,27666,22436
23735361,24397,20935
23735384,19381,16424
23735390,29536,26340
23735399,16057,14014
23735403,62178,50493
23735404,26229,23045
23735413,14904,11752
23735420,16313,12322
23735423,18492,13716
23735424,21178,17550
23735429,27833,25857
23735445,14023,10506
23735446,27941,22964
23735453,44148,33701
23735455,18080,10373
23735467,23119,18357
23735468,39768,32173
23735472,27682,24553
23735482,24906,20765
23735488,62839,50030
23735492,101566,95470
23735500,9824,8709
23735508,26759,20379
23735509,14552,12356
23735510,32898,26171
23735517,12895,11650
23735519,53093,43807
23735522,6858,6858
23735524,11316,7877
23735526,14849,11545
23735530,31456,24687
23735541,30975,21295
23735546,18197,14916
23735554,13650,11292
23735557,23194,18627
23735572,19895,14575
23735576,18504,14005
23735578,26852,25303
23735588,26107,20614
23735597,64664,40067
23735602,23497,19741
23735604,6002,5994
23735610,43758,40153
23735627,20648,16837
23735643,23008,18468
23735646,13255,9880
23735650,41265,38446
23735657,11186,8764
23735666,40935,37075
23735674,28502,25520
23735678,40803,32471
23735685,26417,21949
23735694,17450,11833
23735701,7094,6852
23735703,16371,13311
23735708,21876,19514
23735710,37401,32572
23735725,19517,16465
23735732,18438,15824
23735746,30459,24897
23735747,11726,10966
23735776,18598,15867
23735789,23486,18882
23735798,21457,19086
23735826,20302,15685
23735836,5660,5434
23735840,42637,35942
23735841,10568,9682
23735849,26332,20987
23735850,69227,58697
23735858,21212,18559
23735871,14516,12765
23735873,24182,18267
23735875,25006,20315
23735887,18694,15126
23735890,16673,13575
23735895,27462,20704
23735900,34110,29566
23735901,40909,23884
23735903,15344,9841
23735914,9914,7092
23735924,19911,15341
23735925,24155,18921
23735938,25477,21950
23735954,24127,20406
23735957,20971,16879
23735958,29560,23736
23735959,26660,22623
23735979,27597,25630
23735984,11899,11024
23735987,27462,22110
23735993,41788,33524
23735999,21092,19153
23736025,3644,3644
23736041,43472,34311
23736043,21766,14748
23736052,25807,24005
23736057,121983,89986
23736062,31880,29272
23736063,3925,3835
23736069,12999,12999
23736073,20305,16656
23736078,2228,2228
23736084,33714,24461
23736094,66104,52895
23736105,29965,23957
23736108,17722,14999
23736116,9549,7151
23736126,26768,23253
23736147,17810,16065
23736156,14957,13758
23736170,13671,11290
23736176,24880,20875
23736177,22148,17753
23736178,16414,13797
23736183,16468,14772
23736190,12558,10462
23736201,15863,15302
23736203,19949,16950
23736211,22763,18830
23736215,23190,18798
23736223,31352,20281
23736230,17811,15706
23736240,16494,14739
23736245,45919,38233
23736251,25915,19681
23736259,11481,9301
23736270,24396,21441
23736283,23577,20283
23736284,28121,25695
23736286,32407,27926
23736291,28785,23025
23736297,21161,17792
23736301,3037,3037
23736316,36286,30343
23736321,31332,29604
23736323,26381,23078
23736326,12910,10420
23736327,29577,24904
23736330,1078,1078
23736340,13899,12557
23736341,148225,126696
23736349,9839,8828
23736353,21082,17820
23736364,59911,56674
23736380,11890,10430
23736387,13687,11334
23736392,4092,4000
23736397,44662,34498
23736400,17152,15917
23736403,9292,7257
23736408,15041,11868
23736409,19729,18357
23736419,14046,10413
23736430,19097,15549
23736436,16048,14589
23736444,41800,36622
23736458,27887,25331
23736460,19996,16445
23736465,13068,10769
23736470,3888,3520
23736473,16904,15554
23736486,17426,13724
23736488,10777,9241
23736490,12780,11861
23736499,16332,12986
23736520,15008,13753
23736521,9069,8143
23736526,29163,26560
23736527,9590,8751
23736541,26315,22909
23736555,9587,8647
23736581,20816,16963
23736589,18255,15530
23736596,39069,23583
23736615,22487,18672
23736620,16532,12436
23736623,6172,5881
23736639,14863,12236
23736650,11550,7480
23736653,20625,15733
23736655,24575,22901
23736657,5995,5982
23736659,11601,10498
23736671,20494,17546
23736673,58985,46133
23736677,34443,28617
23736689,39632,39067
23736705,20413,14196
23736708,13932,12471
23736711,43578,36691
23736718,1315,1315
23736719,43198,34005
23736733,28660,23745
23736737,27797,25371
23736745,18657,13567
23736770,9245,8483
23736778,29865,26507
23736799,17511,15738
23736814,20641,11483
23736826,54019,47549
23736828,19109,15811
23736834,52132,43908
23736838,15940,13313
23736844,13728,10472
23736850,50918,43946
23736854,101995,86183
23736859,21148,18631
23736865,43267,34624
23736874,20073,17444
23736876,14195,12303
23736878,18172,15437
23736892,41515,36974
23736893,17469,15601
23736903,26738,20949
23736904,17766,15195
23736906,64871,52928
23736918,23465,18588
23736923,5627,3741
23736930,15771,13294
23736934,19577,16480
23736943,12394,10039
23736944,27597,21549
23736956,16018,12371
23736962,17131,14291
23736963,32162,23791
23736984,21719,19064
23736995,29169,24066
23736998,8502,8351
23737000,26547,23259
23737004,34270,24391
23737006,13741,10156
23737009,24240,20859
23737010,20457,12572
23737018,13730,10360
23737030,6715,4782
23737052,13613,11653
23737061,57695,49630
23737062,28289,21862
23737063,7687,7533
23737067,30497,25471
23737070,14014,11242
23737074,26566,23932
23737076,43948,35733
23737089,15506,12952
23737093,26855,22759
23737106,37120,33486
23737113,10620,7243
23737124,18654,14609
23737128,25978,21818
23737132,17169,13666
23737137,23296,19416
23737161,37248,31217
23737176,19069,15869
23737179,49741,44161
23737183,24594,18949
23737184,12501,8669
23737191,15650,12942
23737204,17141,14445
23737206,33947,30128
23737209,8434,5850
23737217,9215,7344
23737220,17110,12783
23737222,12232,10244
23737229,22805,19958
23737234,28341,25135
23737257,25750,20817
23737268,51419,39924
23737271,48914,37125
23737275,20982,16570
23737284,13158,9783
23737302,9562,8518
23737322,21242,16290
23737323,12715,8545
23737328,14062,12144
23737330,15254,14328
23737336,27564,23126
23737350,10017,8097
23737355,49438,37507
23737367,13944,12209
23737372,45234,37196
23737375,37604,31328
23737376,38432,30461
23737379,6534,6534
23737386,19188,15714
23737390,13602,9842
23737410,11188,10804
23737413,24367,18165
23737423,28762,18197
23737428,10893,8024
23737429,35600,28875
23737439,18076,14636
23737445,84995,69273
23737453,14928,11611
23737455,31171,24705
23737458,11104,9127
23737466,29717,23649
23737478,25195,19099
23737497,27106,19363
23737527,8522,6951
23737537,3750,3750
23737539,71517,62461
23737546,29223,29086
23737554,5758,4019
23737574,42626,30323
23737576,12164,10673
23737581,13662,10757
23737583,8793,7423
23737593,10359,8361
23737595,12982,10251
23737601,22627,18963
23737609,16689,12948
23737621,21170,17159
23737638,11419,8287
23737639,38640,33861
23737644,10654,9791
23737653,54420,42003
23737663,22417,16852
23737666,24616,21472
23737686,19266,15318
23737687,12331,10780
23737697,18779,16719
23737701,16144,13278
23737718,310,310
23737732,8328,7975
23737733,46310,39909
23737735,1630,845
23737739,24156,19255
23737753,21569,17913
23737756,45209,29464
23737759,3785,3624
23737769,32030,27637
23737781,50097,44049
23737790,8867,6540
23737792,13641,8960
23737812,9926,8273
23737823,2903,2533
23737832,18045,15391
23737833,12481,8815
23737859,10568,8935
23737862,28016,24294
23737892,13258,11239
23737896,29476,26651
23737913,28742,24746
23737918,87711,75636
23737934,28364,26008
23737935,28453,23890
23737936,17649,16104
23737973,37383,26866
23737975,18070,13785
23737977,8415,6899
23737990,16769,12233
23738012,27678,22808
23738037,13397,11534
23738046,14070,11468
23738047,16908,14441
23738048,25166,22703
23738055,14050,12226
23738059,11371,8749
23738084,10508,9982
23738086,16816,13605
23738090,17454,13858
23738091,18312,16294
23738093,3387,3387
23738094,59731,51623
23738096,13144,10251
23738102,9756,7015
23738111,12883,9978
23738115,9770,8849
23738116,26257,20336
23738125,10392,7922
23738131,8981,7287
23738138,22787,16575
23738148,22630,20579
23738151,10344,10184
23738154,11399,8725
23738168,18628,14525
23738172,12658,9459
23738173,19951,13519
23738178,8463,6656
23738182,12406,9482
23738185,20501,16968
23738190,13002,10511
23738192,17475,14350
23738203,5441,5441
23738204,31482,23545
23738220,5305,5299
23738226,11589,8773
23738230,12213,10609
23738234,28430,23942
23738241,23072,18809
23738248,18858,14902
23738249,13486,10435
23738251,13841,12687
23738257,4317,4293
23738273,13513,10800
23738276,14589,10168
23738280,42934,33638
23738292,725,231
23738299,11100,8887
23738300,13549,11883
23738312,20689,15284
23738313,15875,15333
23738314,62026,48954
23738316,15936,15432
23738318,12056,9831
23738335,21973,15911
23738351,5900,4495
23738375,12155,10627
23738382,85738,73005
23738394,24025,21529
23738399,12495,9814
23738402,4190,2692
23738416,15968,12087
23738422,29180,19162
23738430,25833,18582
23738433,3,2
23738438,11736,8563
23738439,25766,23403
23738452,25593,20335
23738456,9403,7101
23738464,4788,4788
23738468,9410,7472
23738469,11938,9426
23738485,14130,11094
23738498,26418,23610
23738501,25105,18459
23738513,4332,4237
23738538,15759,10429
23738539,12919,8530
23738542,12383,10132
23738546,11508,7810
23738547,29636,20157
23738550,10837,8256
23738557,12298,8840
23738575,14439,10851
23738582,17340,13083
23738583,21468,16082
23738591,8712,8410
23738602,17193,15511
23738603,18004,14687
23738605,15164,10582
23738608,11931,8670
23738609,26374,21239
23738616,23353,17955
23738620,26093,18618
23738621,9889,7838
23738623,18773,16339
23738627,7280,7156
23738631,18380,12923
23738639,14811,9654
23738643,15435,13990
23738647,13949,11460
23738652,31600,23212
23738655,16550,12272
23738669,11168,11141
23738677,26321,21242
23738679,16300,15035
23738688,8650,8075
23738690,11387,9585
23738704,25345,19528
23738709,16270,14576
23738720,27880,22426
23738730,44489,38379
23738732,20552,13381
23738735,12899,9832
23738736,32058,23086
23738741,27480,23184
23738748,15477,13022
23738761,9902,9491
23738762,34029,33740
23738766,24000,17986
23738782,18349,13550
23738785,22510,16442
23738798,13365,11184
23738802,12678,10523
23738817,24525,19130
23738825,18718,15169
23738826,49552,40467
23738833,12114,9945
23738842,53468,39900
23738855,25299,22407
23738865,20132,19764
23738874,9970,9680
23738888,16918,12493
23738889,12284,9095
23738891,3959,3959
23738897,34228,20144
23738902,33583,18469
23738905,3750,3750
23738914,16879,14624
23738928,28670,25042
23738951,30138,24986
23738959,25554,19083
23738962,24622,20443
23738989,20743,17013
23738991,27222,19712
23739001,39751,24214
23739008,51423,33385
23739011,26561,22193
23739012,30941,24643
23739016,23634,19691
23739025,20813,15643
23739030,13862,12769
23739041,20637,16214
23739042,26561,23201
23739062,27193,22577
23739067,18052,13634
23739076,19286,15226
23739077,21380,18360
23739078,13460,12311
23739079,28473,22498
23739084,33876,25537
23739087,12533,10590
23739101,15488,11268
23739127,8906,8906
23739129,20804,16260
23739132,20210,15615
23739142,23719,17440
23739146,22271,17811
23739162,31984,25922
23739165,11667,9031
23739176,16409,12122
23739183,18911,15750
23739184,18496,14720
23739186,12174,11470
23739188,18783,16998
23739197,17878,14176
23739205,40634,33409
23739207,44552,34789
23739210,25155,16624
23739213,52151,40067
23739250,15258,13224
23739281,18712,15120
23739296,33200,29599
23739305,108277,95345
23739308,31755,23367
23739318,20667,14626
23739325,17450,15995
23739332,39962,31728
23739339,25577,22886
23739358,26972,21662
23739361,24747,20645
23739363,47913,38863
23739366,16454,13513
23739375,19720,15855
23739381,14185,13767
23739393,51894,40067
23739394,7599,7599
23739406,28568,23179
23739407,26624,21731
23739430,26567,21123
23739435,105826,86371
23739436,30494,23584
23739442,24780,21798
23739446,44336,31329
23739454,35261,28126
23739461,18649,16493
23739471,33160,26151
23739478,23245,17920
23739479,18676,13956
23739483,9553,9312
23739487,15426,12630
23739490,2680,2680
23739491,57245,42595
23739506,31321,27929
23739523,32888,26812
23739524,29124,22641
23739527,13569,10100
23739537,26528,22603
23739613,25403,20388
23739614,27185,22302
23739625,22412,17259
23739628,27176,20359
23739630,206128,179607
23739640,33759,29586
23739644,360,293
23739645,71222,41593
23739656,32649,32092
23739661,22586,17638
23739663,20038,17425
23739676,24489,21314
23739680,15498,15470
23739683,35652,28108
23739685,7056,5867
23739702,16527,11695
23739703,32209,25925
23739728,23631,19611
23739736,16847,14027
23739738,17762,13299
23739741,25138,20385
23739747,20091,18108
23739749,45811,39379
23739754,20090,17077
23739755,28512,21654
23739759,2064,2044
23739765,19569,13228
23739772,21770,17490
23739773,30517,24473
23739778,22993,18594
23739785,16382,13082
23739788,23676,19285
23739798,24580,18377
23739809,19929,16117
23739816,20059,16475
23739825,40863,25989
23739833,18249,15636
23739835,19676,14231
23739855,19942,12964
23739878,17790,14167
23739896,70645,52925
23739898,13809,12007
23739903,20610,17798
23739905,31102,26565
23739913,14342,13749
23739925,33803,23295
23739931,22558,16676
23739932,23345,18167
23739934,20643,15888
23739935,24103,19412
23739946,17058,13336
23739962,33131,25181
23739963,17803,13060
23739965,19898,12677
23739974,12870,9077
23739994,21501,15014
23740001,44398,31822
23740004,19993,14016
23740006,23635,20658
23740016,23002,16714
23740019,40177,28973
23740057,13986,11439
23740065,42597,31270
23740072,34789,28017
23740075,25850,17975
23740076,22041,18069
23740078,15360,11389
23740081,26582,23248
23740087,21980,16746
23740094,11131,7291
23740108,25553,25069
23740111,21294,17884
23740115,26671,19297
23740116,13368,10445
23740119,20620,17029
23740125,21812,20038
23740129,21525,17757
23740137,35183,24711
23740141,16891,13128
23740164,52005,46269
23740165,25262,19379
23740166,14075,9688
23740173,34431,29283
23740196,7667,6908
23740203,28411,21442
23740214,52916,40871
23740217,28761,24791
23740220,26397,18496
23740232,22291,17891
23740244,3245,3222
23740263,61666,38258
23740265,33743,24474
23740276,26652,22532
23740280,17690,14921
23740282,27497,20747
23740283,14474,12180
23740286,14979,11681
23740312,24613,18222
23740323,41998,31690
23740324,29147,20182
23740330,29991,21744
23740332,49714,40072
23740335,13853,13357
23740336,42064,30960
23740341,22358,19125
23740345,13044,10132
23740350,22759,16861
23740352,28884,21861
23740364,35593,28387
23740367,33078,25840
23740388,20407,14630
23740411,28949,21650
23740420,26694,20025
23740446,26509,21124
23740461,25796,19341
23740467,34052,27983
23740469,40294,33401
23740474,36143,29146
23740477,143984,111539
23740479,7187,7181
23740480,74660,48802
23740487,34099,27070
23740490,21894,14292
23740502,19284,14389
23740509,30864,26239
23740512,34926,29865
23740515,19592,14901
23740518,50467,34864
23740534,31541,27397
23740539,25253,19601
23740545,58164,44142
23740552,29916,23031
23740555,25004,19213
23740556,16841,14647
23740571,138818,75900
23740574,47105,35618
23740575,34094,27478
23740580,52349,41490
23740584,38307,30622
23740587,24538,19593
23740621,58270,42307
23740630,119750,94077
23740636,36499,28636
23740645,29758,24995
23740663,89757,71182
23740669,4622,4622
23740670,61351,32658
23740671,75728,64434
23740674,34209,22315
23740680,30800,23789
23740681,54072,42620
23740687,47899,39386
23740691,39936,31091
23740699,110246,88666
23740700,112902,89180
23740702,94710,81137
23740713,24859,21634
23740718,27416,21603
23740721,32793,24772
23740727,45864,32862
23740734,11821,10371
23740750,8410,6141
23740758,50578,37675
23740772,22400,21300
23740773,115913,70769
23740777,45979,45969
23740795,23005,19128
23740801,24929,19542
23740818,41237,32170
23740828,3146,3103
23740840,33596,27738
23740847,71233,59020
23740856,15652,8619
23740860,60209,49053
23740861,67242,41900
23740876,41044,36276
23740879,69649,51976
23740882,30648,27038
23740884,102761,102299
23740888,87242,73101
23740894,24990,22600
23740906,32227,26460
23740908,28076,22907
23740914,152323,137792
23740916,32213,26977
23740917,40285,34537
23740918,25299,21190
23740923,7629,7146
23740930,24510,20652
23740935,15334,15036
23740941,14127,12090
23740943,5866,3587
23740952,22628,18484
23740953,26927,22076
23740955,40331,34003
23740956,22714,18278
23740965,23827,21555
23740969,63804,40894
23740971,38119,28860
23740980,36161,28659
23740983,120370,98922
23740985,18017,13249
23740990,9605,8153
23740994,80088,62689
23741001,66545,54327
23741006,19547,17428
23741023,93335,75531
23741035,21706,15926
23741039,27983,20104
23741041,67710,51116
23741043,33416,28825
23741076,28421,22640
23741087,10539,10458
23741090,15040,11766
23741091,41920,41434
23741098,27316,20059
23741100,15600,11679
23741101,51370,40471
23741105,45802,38681
23741113,18698,14780
23741116,43269,35458
23741117,32083,25535
23741122,6,6
23741130,28093,22380
23741139,21932,17156
23741147,64560,51091
23741150,20228,15911
23741155,29165,21148
23741158,31468,24133
23741170,29763,27214
23741171,33717,29319
23741175,41671,32604
23741178,50680,42436
23741184,62525,60974
23741203,87275,71228
23741208,31782,29104
23741209,119771,101568
23741211,23409,19456
23741218,16292,11741
23741221,9806,9371
23741238,30731,23868
23741239,36641,27894
23741249,38385,26525
23741254,89263,72885
23741270,39455,33567
23741276,24432,17596
23741278,122118,98444
23741279,40982,32735
23741288,92747,68130
23741298,25341,21565
23741299,22376,17293
23741300,25196,21887
23741323,32266,17994
23741325,36985,29806
23741326,35936,28721
23741329,55945,41734
23741330,28866,28764
23741355,52355,44109
23741360,32546,24577
23741362,39792,32247
23741364,14673,11900
23741370,55848,43280
23741371,33037,27977
23741373,59199,46781
23741410,31577,28674
23741415,60863,45560
23741419,46971,35611
23741421,84881,73300
23741436,41559,31714
23741445,59347,58952
23741448,23250,22687
23741450,67230,49704
23741454,52473,40480
23741455,5495,5495
23741460,35581,27472
23741464,32612,24210
23741465,24907,22274
23741472,21990,18310
23741475,38844,32957
23741478,37707,30817
23741480,19902,16194
23741485,32208,21269
23741490,26960,22307
23741496,8566,8248
23741511,25842,19693
23741530,1447,828
23741535,45288,38533
23741537,41573,29661
23741539,38753,29861
23741545,32468,21163
23741549,42403,33586
23741551,9575,8719
23741571,36427,31559
23741584,25571,20211
23741601,19981,15638
23741602,29687,23768
23741607,164230,136682
23741613,32239,25357
23741621,13375,8945
23741628,18734,12704
23741632,25928,19858
23741640,17108,13969
23741641,90513,79638
23741642,4018,3988
23741643,56109,43655
23741647,20828,16241
23741652,35268,27718
23741661,36527,30656
23741666,26802,21704
23741667,38273,32888
23741685,25467,20651
23741688,21891,17967
23741696,17999,15436
23741701,30524,24186
23741713,84182,72538
23741725,19919,14610
23741726,41645,40585
23741727,43627,35342
23741735,19459,16138
23741743,26588,20879
23741748,14711,12391
23741750,69327,54238
23741751,37282,23669
23741767,19531,14615
23741769,2110,2110
23741784,21887,19118
23741788,9405,9404
23741800,24412,19398
23741803,47152,28392
23741807,34615,28834
23741810,19329,15467
23741814,25036,19648
23741823,33295,25923
23741842,21445,17274
23741843,26210,19641
23741856,25936,19753
23741859,41501,32887
23741868,27774,23564
23741873,61491,49209
23741874,16237,11895
23741875,18496,15711
23741876,25711,22728
23741878,35099,28781
23741884,14347,10847
23741888,57074,43577
23741891,36630,31218
23741910,26479,21970
23741922,19505,14425
23741929,26601,21295
23741936,29439,25660
23741971,25744,20980
23741973,30346,25363
23741977,23388,17808
23741978,21182,17288
23741983,15248,11265
23742004,39667,22811
23742013,11307,11212
23742019,32764,25970
23742025,96121,79856
23742031,21538,16759
23742032,11750,9882
23742043,18108,16087
23742045,20320,18933
23742047,26210,22457
23742054,31521,23298
23742070,31569,26816
23742076,24480,17418
23742083,6488,6431
23742090,24636,18396
23742096,22203,16830
23742101,57873,31984
23742104,73005,50019
23742112,24667,20869
23742130,41965,34696
23742154,28646,22716
23742157,1885,1154
23742168,17997,12990
23742170,16739,13215
23742179,27597,24989
23742185,17677,14528
23742219,17212,14040
23742227,24775,22664
23742230,20059,16766
23742232,14412,11003
23742237,17995,13939
23742240,24916,19784
23742249,29877,24146
23742251,80468,54511
23742253,14011,10526
23742264,28266,22556
23742271,22603,15983
23742277,46884,40456
23742283,16381,12529
23742285,36440,29542
23742286,3870,3870
23742288,52066,45552
23742296,26746,24675
23742298,83820,65085
23742322,66457,41536
23742323,24996,21956
23742330,27662,21835
23742343,24902,21691
23742354,44845,31083
23742358,25555,22652
23742376,42792,33926
23742398,19484,15864
23742404,22987,18861
23742405,23810,20295
23742413,51056,37181
23742414,11098,9104
23742418,47111,42193
23742423,23472,20580
23742430,25992,19413
23742444,28421,23216
23742451,83239,63349
23742463,19856,18860
23742464,37378,30864
23742484,18397,14514
23742485,14602,11270
23742495,3872,3624
23742506,20909,18489
23742520,34777,27829
23742529,24795,19415
23742531,40774,31277
23742541,14857,11114
23742560,22328,18783
23742575,76889,58568
23742588,32527,25697
23742590,9141,8843
23742599,12332,12260
23742601,58540,40030
23742604,15499,12724
23742608,24149,19125
23742611,25256,17579
23742614,16594,13367
23742617,32750,25058
23742618,15471,12962
23742622,13673,10483
23742623,26335,23268
23742625,18148,15510
23742628,32240,25693
23742633,10834,7975
23742639,33696,25010
23742645,22256,17788
23742651,17043,14558
23742684,31775,27388
23742694,28333,23461
23742696,23987,21076
23742698,47075,42704
23742699,14633,11867
23742704,25378,23038
23742705,1444,1444
23742714,18935,16333
23742728,24675,21757
23742730,18616,14280
23742731,20093,16868
23742740,4016,4016
23742751,37293,30164
23742755,78541,51076
23742763,15904,13075
23742768,22182,17885
23742769,6592,5796
23742771,14661,12085
23742781,2610,1444
23742797,25481,20756
23742808,38760,28590
23742811,26237,21331
23742814,18540,13797
23742833,23455,19320
23742836,2140,2140
23742845,44558,44558
23742848,7141,6322
23742859,14153,12602
23742866,19347,12794
23742871,10457,7962
23742877,14480,12174
23742884,41977,35714
23742909,43673,39072
23742910,16269,14012
23742918,18224,14320
23742922,21065,14365
23742923,11320,7023
23742933,61839,40319
23742947,21967,19859
23742954,26729,21064
23742955,16798,14101
23742960,14893,13221
23742968,16767,15187
23742979,29807,20990
23742985,1628,1621
23742987,21496,16727
23742998,12978,12452
23743000,2831,2568
23743005,22687,20598
23743007,19096,14898
23743010,16143,14132
23743021,24992,14964
23743023,23084,19632
23743024,7037,6562
23743046,16613,12622
23743048,16477,13390
23743055,31910,28218
23743057,17235,13185
23743066,17573,14194
23743067,20967,16915
23743079,11632,11331
23743080,34048,28071
23743082,24967,22645
23743089,36044,23745
23743098,20133,19275
23743109,22909,19777
23743115,20369,13877
23743122,17437,15827
23743126,18204,15335
23743135,34535,26100
23743149,20473,17692
23743171,7127,3588
23743178,20733,14872
23743179,19899,16213
23743184,43548,39325
23743190,3917,2523
23743196,15797,14736
23743199,14435,12195
23743201,14486,11016
23743202,12944,10150
23743207,53156,47898
23743214,15746,10759
23743215,20356,16877
23743221,12673,11019
23743225,16157,12934
23743232,47437,42410
23743241,11359,9771
23743259,13644,11211
23743266,20651,15110
23743275,1439,1439
23743278,19255,16630
23743289,13339,11329
23743296,27367,21448
23743303,12056,9442
23743306,7586,5963
23743307,24704,22143
23743309,15127,11374
23743314,20224,17675
23743318,14284,10576
23743353,30110,24134
23743354,26227,21738
23743360,22429,19201
23743380,6194,5895
23743385,15659,14710
23743388,13553,10927
23743391,7886,6203
23743394,12888,10963
23743403,8357,6548
23743420,1447,974
23743428,8739,4800
23743435,13832,10301
23743455,17535,12732
23743459,23949,19946
23743467,16425,13444
23743473,15118,11477
23743495,23356,16581
23743509,17171,13320
23743512,19359,18174
23743532,16400,12178
23743537,8668,8110
23743540,36007,26135
23743547,11046,9244
23743562,6285,3793
23743564,34498,25577
23743565,8731,6980
23743571,14734,13155
23743585,15140,12438
23743593,36103,28312
23743594,13609,11049
23743597,38315,32538
23743612,17748,13988
23743622,14876,11321
23743623,635,635
23743625,25695,22908
23743638,18954,15495
23743640,21788,18241
23743647,11065,9234
23743655,23826,19831
23743656,10696,9974
23743658,17345,14840
23743659,19166,15684
23743668,21270,17461
23743674,17773,13995
23743678,17911,14197
